logLik,AIC,BIC,Method,Converge
-539.094376252191,1082.18875250438,1092.15818514462,NR,TRUE
