logLik,AIC,BIC,Method,Converge
-390.355363521738,784.710727043476,794.079950498812,NR,TRUE
