logLik,AIC,BIC,Method,Converge
-397.735837845444,799.471675690887,808.840899146223,NR,TRUE
