,VarComp,VarCompSE,Zratio,Constraint
u:ID.Phenotype-Phenotype,1.18266040471826,0.708528556205067,1.66917817829768,Positive
units.Phenotype-Phenotype,22.4648927547877,1.26702117739027,17.7304792971649,Positive
