,VarComp,VarCompSE,Zratio,Constraint
ID.Phenotype-Phenotype,4.93475186663578,1.20830240418819,4.08403711647932,Positive
units.Phenotype-Phenotype,18.6917940033566,1.32344289820712,14.1236120037205,Positive
