"","VarComp","VarCompSE","Zratio","Constraint"
"u:ID.Yield-Yield",346.235332473804,171.463253003128,2.01929758364895,"Positive"
"u:ID.Yield-NDVI1",0.32356159506607,0.254172418321098,1.27300041917732,"Unconstr"
"u:ID.NDVI1-NDVI1",0.00119092878394357,0.000570394359654211,2.08790420835429,"Positive"
"u:units.Yield-Yield",738.76538330297,96.0627236486903,7.69044802440433,"Positive"
"u:units.Yield-NDVI1",0.842227072328598,0.143909178815579,5.85249029464564,"Unconstr"
"u:units.NDVI1-NDVI1",0.00236941759356252,0.000309828494921453,7.64751348697999,"Positive"
