"","VarComp","VarCompSE","Zratio","Constraint"
"u:ID.Yield-Yield",373.819559777501,181.078839691275,2.06440222620619,"Positive"
"units.Yield-Yield",738.631569043758,97.8477656485297,7.5487831954889,"Positive"
